{
	"AppName": "lifx",
	"ArtifactsDest": "build",
	"Tasks": [
		"interpolate-source",
		"go-install",
		"xc",
		"codesign",
		"copy-resources",
		"archive-zip",
		"archive-tar-gz",
		"deb",
		"deb-dev",
		"rmbin",
		"publish-github"
	],
	"BuildConstraints": "!plan9,!netbsd,!openbsd,!dragonfly,!solaris,!nacl",
	"MainDirsExclude": "vendor",
	"PackageVersion": "1.0.4",
	"TaskSettings": {
		"publish-github": {
			"body": "",
			"owner": "pdf",
			"repository": "golifx"
		}
	},
	"ConfigVersion": "0.9"
}
